н,,,,,,,
,,,,,,,
ЗАДАНИЯ И ПРАКТИКИ ДЛЯ КУРСА МИЛАНЫ,,,,,,,
,,,,,,,
Планета,,Запрос ца,Название,Форма задания,Описание,В дизайне,
,1,Без чего не откроются уроки,Твоя точка А,Анкета,Фиксация точки А,,
,2,Как начать действовать,Я ответственна за свои результаты,Письмо намерения ответственности,"С этого дня я беру на себя ответственность за все, что происходит со мной в жизни. Я готова менять свое мышление, привычки, выполнять новые действия. Я иду в Институт для того, чтобы... Я обещаю себе на период обучения: довериться создателю программы, быть в позиции ученика, ПОЛНОСТЬЮ ВЗЯТЬ ОТВЕТСТВЕННОСТЬ ЗА СВОЙ РЕЗУЛЬТАТ В ОБУЧЕНИИ И ДАЛЕЕ, В РЕАЛИЗАЦИИ ПОЛУЧЕННЫХ ЗНАНИЙ И СЕБЯ КАК ЭКПЕРТА. Я осознаю, что для этого мне нужно будет уделять время, внимание и силы. Я осознаю, что мне необходимо будет самостоятельно применять полученные знания. Я осознаю, что быть пассивной, пропускать занятия, откладывать на потом, стесняться, бояться проявляться МНЕ НЕ ВЫГОДНО. Также я даю обещание не пребывать в состоянии жертвы. В трудных ситуациях анализировать, как я могу повлиять на ситуацию, быть благодарной и учиться быть по-настоящему полезной другим людям. Я — творец своей жизни. Я в ответе за свои мысли, чувства, поведение, решения, действия. Никто за меня ничего делать не будет. Мне никто ничего не должен. Я все сделаю, что мне нужно, в своем темпе. Я в себя верю! ",,
,3,Как реализовать себя во всех сферах жизни,,,,,
,4,,Анализ всех твоих сфер жизни,Тестирование по планетам,ссылка на документ,,
,5,"Как понять, чего я хочу",Техника определения истинного запроса,Техника «5 почему»,"1. Чего вы хотите?
2. В чем конкретно это заключается? 3. Что вам это даст? 
4. Что вы будете чувствовать, когда будете это иметь?
5. А через что еще вы можете прийти к этим ощущениям?
",,
,6,,Аватар лучшей версии себя,Практика,"Опишите аватар желаемого будущего в разных сферах: как вы живете, как выглядит ваш быт, деятельность, отношения с семьей, как вы проводите свободное время, какое у вас окружение и так далее. Опишите АВАТАР СЕБЯ, какая высшая версия вас способна создать и поддерживать такой уровнь проживания. Ответьте на вопрос: что в вас сегодня точно нужно усовершенствовать в себе как в личности и в своей текущей жизни (что добавить или от чего избавиться), чтобы прийти к той версии лучшей себя, которую вы описали? ",,
,7,,Осознанность и выход из состояния жертвы ,Практика,"Эта практика поможет вам вернуть ответственность за свою жизнь себе. Разделите лист на 3 столбца. В первом выпишите все ситуации вашей жизни, которые не нравятся: «Я недовольна тем, что...» Во втором столбце напишите свои мысли по поводу негативных суждений: «Раньше я думала, что к этому причастен (работодатель, государство, муж, генетика и т. д.». В третьем столбце напишите: «Теперь я полностью беру ответственность за происходящее на себя, я пришла к этому путем того, что...» 
",,
,8,,Избавление от лени и нерешительности,Практика,"Опишите, чего вы хотите, свои цели и желания. Как вы думаете, какие ваши черты, навыки, привычки, паттерны поведения, стиль жизни, убеждения, обстоятельства сегодня сдерживают вас от материализации этих планов? А теперь мысленно представьте, что прошло еще, например, 3 года и вы ничего так и не предприняли. А что будет, если это не исправить никогда и оставить так, как есть сейчас? После того как ответите на вопрос, напишите себе письмо намерения: «Я осознаю, что я не хочу такого будущего. Мне невыгодно бездействовать и оставлять все так как есть. Я беру всю ответственность за создание своего счастливого будущего, и я принимаю решение начать действовать прямо сегодня».   
",,
,9,,Лучший сценарий жизни,Практика,"Представьте ситуацию: у вас нет никаких страхов и блоков, нет чувства долга перед родителями, семьей, нет ограничений национального, религиозного и территориального принципа, сдерживающего окружения, нет финансовых проблем и никаких ограничений. Вы буквально пишете историю главного героя с нуля. Белый лист и самые смелые фантазии.  Вы — здоровая, танлантливая, смелая, абсолютно свободная личность. Нет никаких «но»... Из такой точки как бы вы строили свою жизнь? Чем бы она была наполнена и как бы выглядела во всех сферах? Что делаете? Как себя чувствуете? Напишите сейчас, какая она, эта жизнь. Вы — художник и творец своей реальности сейчас. Знайте, ветка реальности и все желания, что вам пришли, абсолютно реальны для воплощения. Это и есть ваши настоящие желания. Может, стоит начать движение именно к ним?
",,
"Солнце (познание себя, уверенность, личные границы, самоценность, любовь к себе)",1,Как обрести уверенность и самоценность,Проработка личных границ,"Практика, упражение","Разделите лист на два столбика. Вы можете вспомнить примеры ситуаций, где вам не нравится ваш характер взаимодействия с людьми.  В первом столбце опишите как: мне не нравится, как со мной обходятся и/или не нравится, как я позволяю со мной обходиться. Во втором столбце опишите: как я хочу, чтобы со мной поступали, как я хотела бы реагировать. Опишите и признайте, какие плюсы будут от того, что вы простроите личные границы. По завершении проговорите себе вывод: «Теперь я выбираю поступать так, как нравится и удобно мне!» При этом сожмите ладонь таким образом, чтобы пальцы ощутимо вжимались в ладонь — заякорите это решение в себе на физическом уровне. Каждый раз при возникновении ситуации, где вам важно выстроить свои личные границы, снова сжимайте ладонь и вспоминатйе о своем решении.
",,
,2,,Поднятие самооценки. Дневник успеха,Практика,"С сегодняшнего дня начните вести дневник в заметках телефона. Каждый день отмечайте в нем свои победы. Например, вы смогли рано проснуться, либо сказали кому-то «нет», вы сделали новое действие, на которое долго не решались — отметьте это в дневнике и мысленно похвалите себя. Так вы приучите свой мозг видеть свой рост и изменения. Обращайте внимание на каждый свой успех, даже если он пока кажется вам минимальным. Развивайте мощную привычку к самонаблюдению, искусство маленьких шагов и самоуважение.

",,
,3,,Нейропрактика на уверенность в себе,Нейропрактика,,,
,4,,"Состояние уверенности, телесная практика",Телесная практика,"Определенные положения тела могут включать состояние уверенности. 
Встаньте, расставьте ноги чуть шире плеч. 
Вытяните вверх позвоночник, поднимите подбородок чуть выше линии горизонта и  поднимите одну руку уверенно вверх, сжав кулак. 
Взгляд направьте вперед, чуть выше уровня горизонта. 
Расправьте плечи и грудную клетку, дышите глубоко, полной грудью. 
Вы можете проделать все то же самое, сидя на стуле и оперевшись на его спинку, на этот раз вальяжно закинув руки назад и скрестив их за головой. 
Находясь в таком положении, повторяйте вслух или про себя аффирамации: «Я обретаю уверенность, я обладаю огромным потенциалом, я сильная и уверенная личность, я чувствую себя уверенно и спокойно в любой ситуации. Во мне огромный дар и талант. У меня получается все!» 
Выполняйте это упражнение 2 минуты. 
В начале вы можете почувствовать себя неловко, неудобно. Вам захочется принять привычную позу. 
Постепенно этим упражнением вы мгновенно научитесь поднимать чувство уверенности в себе, снижать уровень стресса, убирать волнение перед ключевыми действиями и решениями.
",,
,5,Как полюбить себя,Практика на любовь к себе,Аудиопрактика,"Представьте себя маленькой девочкой, когда вам было, может быть, 4-5 лет. 
Какая она, что она чувствует? 
Представьте вашу встречу. Подойдите к ней. 
Что она хочет вам сказать? Что если ей не хватает вашей поддержки и заботы о ней. Любви и веры в нее. Кто если не вы поддержите ее и начнете ее ценить, защищать ее интересы больше всех других людей. 
Возможно, вам хочется ее обнять, защитить, дать ей много тепла и любви. Обнимите ее и скажите: «Я тебя очень люблю, ты самый драгоценный для меня человек, я всегда буду тебя защищать и оберегать, выбирать тебя и твои иннтересы. Обещаю. Я принимаю тебя такой. Прости меня за все. Я тебя люблю!» 
Представьте, как ваша маленькая девочка уменьшается в обьемах и помещается на вашу ладонь. И вы перемещаете ее в свое сердце. Теперь она внутри вас. 
Отследите, насколько ей там комфортно. Отследите свои ощущения. 
Берегите ее отныне. Всегда.
",,
,6,Как начать действовать,Техника принятия решений,Практика,"Представьте любую ситуацию, в которой вы себя неуверенно проявляете. Разделите лист бумаги на 4 части. 
В левом верхнем квадрате напишите: плюсы того, что вы так поступите. 
В правом верхнем кадрате: минусы того, что вы так поступаете. 
В левом нижнем квадрате: плюсы, если вы не сделает этого. 
В правом нижнем: минусы, если вы не сделаете этого. 
А теперь оцените и взвесьте, как для вас будет правильнее всего поступить.
",,
,7,Как взрастить свою ценность,"Повышение самооценки,ваши достоинства",Практика,"Выпишите в дневник все свои достоинства. Что вы цените в себе, что вас отличает от других людей, за что вы себя можете похвалить, чем похвастаться. 
Это могут быть особенности вашей внешности, фигуры, черты характера, профессиональные и личные навыки, любые ваши особенности. Напишите список из не менее 50 пунктов. 
Посмотрите на него, как закончите, перечитайте вслух. 
Отследите свои ощущения. Как они изменились?
",,
,8,,Вера в себя,Практика,"Напишите попунктно свои цели, желания, чего вы хотите достичь, что вы хотите иметь в разных сферах своей жизни. Справа от написанного оставьте место.
Напротив каждого пункта нужно будет написать не менее 30 пунктов. 
Напротив каждого пункта напишите, почему у вас это получится, почему вы этого достойны. 
Если будет возникать сопротивление и негативные мысли, почему у вас это НЕ получится или вы этого НЕ достойны — то находите этому опровержение либо просто опускаете эти факторы. Ваша задача — написать только положительные утверждения в лист.",,
,9,,Практика «Путь героя»,Практика,"Составьте топ-50 своих достижений за жизнь, начиная с сегодняшнего дня и назад в детство. Это могут быть как крупные победы, так и мелкие достижения. Важно напомнить себе, какая вы молодец!",,
,10,,Практика «Я достойна!»,Практика,"Напишите список, чего вы достойны в своей жизни. 
Опишите разные сферы: отношение к себе, отношения с мужчиной, окружение, материальные вещи: одежда, дом и т. д. 
Напротив каждого пункта напишите минимум два доказательства, почему вы этого достойны. 
На негативные суждения, почему вы недостойны, не реагируем, опукаем.
Отследите свои ощущения. В конце стоит подытожить выводом и фразой: «Я достойна этого просто так, потому что Я ЕСТЬ!»
Признайте свою ценность и значимость. Весь мир и все, что в нем есть — это создано для вас!
",,
,11,Как освободиться от страхов и начать смело принимать решения,Осознанность и взрослая позиция ,Практика,"Эта практика поможет вам изменить негативные суждения и вернуть себе ответственность за свою жизнь. 
Разделите лист на 4 столбца. 
В первом напишите все обстоятельства вашей жизни, которыми вы неудовлетворены: «Я недовольна тем, что...» 
Во втором столбце напишите свои мысли по поводу негативных суждений: «Раньше я думала, что к этому причастен (работодатель, государство, муж, генетика и т. д.». 
В третьем столбце напишите: «Теперь я полностью беру ответственность за происходящее на себя, я пришла к этому путем того, что...» 
В четвертом столбце напишите: «Я намерена изменить эту ситуацию следующим образом...» Пропишите ключевые действия. А также мелкие действия, которые сделаете в ближайшие 48 часов. ВАЖНО, что эти мелкие действия сдвинут вас с вашей точки уже сейчас и начнут процесс последующих глобальных изменений. 
Вы можете ниже выписать свои инсайты и осознания. Некоторые вещи вы, возможно, пересмотрите и поймете, что в них есть выгода для вас, а с некоторыми вы точно решите распроститься и действовать уже с сегодняшего дня.",,
"Кету (освобождение от негатива, духовность)",1,Как взять жизнь в свои руки и перестать сливать энергию на негатив,Отпускание негативного прошлого,Практика,"Выпишите негативные ситуации, которые были или есть сейчас в вашей жизни. 
Сядьте перед этим списком, вспоминайте, повторяйте события и обращайтесь к каждому человеку со словами: «Благодарю. Люблю. Отпускаю». Минимум 9 раз. 
Затем подумайте о своем будущем. Напишите сценарий событий в позитивном ключе. Посмотрите на свое описание, когда закончите, и повторяйте слова: «Благодарю. Люблю. Принимаю». Повторяйте себе это, пока не почувствуете покой и веру в то, что будет именно так.",,
,2,,Убираем страхи,Телесная практика,"Рапишите свой страх. 
Вспомните самый яркий момент, когда он проявился. Можно подумать о том, что это страшное случилось.
Зафиксируйте напряжение в теле. Где оно находится? Внутри или снаружи тела? Какой формы? Какого цвета? Какой консистенции? 
Поговорите со своим страхом: «Я позволяю тебе быть. Я понимаю, что ты возникаешь, потому что защищаешь меня. А раз ты меня защищаешь, значит, ты мой друг, и я очень благодарна тебе за эту дружбу, защиту и поддержку. И когда ты, страх, возникаешь, какую информацию, какое знание ты мне несешь?» 
Страх может трансформироваться, а может нести какую-то информацию. В голову могут приходить мысли, образы. 
Разговаривайте со страхом до полного исчезновения. Если страх не хочет уходить, попробуйте договориться с ним о ресурсах: спросите его, что вам поможет, как это сделать. Поблагодарите страх за рекомендации. 
Если вы осознали, что больше вам страх не нужен, отпустите его с этими словами: «Теперь я справлюсь отлично и без тебя. Я тебя отпускаю. У меня все будет хорошо». 
Отработайте так несколько своих страхов.",,
,3,,Нейропрактика на освобождение от страхов и обид,Нейропрактика,,,
,4,Как проработать обиды на партнера и детей,Практика радикального прощения ,Практика,"Смысл радикального прощения в том, чтобы ощутить, что вам некого и не за что прощать. Осознать, что все, что бы ни происходило, было вам во благо и ради вас. Что промысел и души людей специально проиграли такой сценарий ради вашего роста и исцеления.
Расскажите свою историю на листе: 
1. Опишите, чем человек или ситуация вызвали ваше огорчение, обиду, недовольство. 
2. Как вы сейчас воспринимаете эту ситуацию? 
3. Используйте фразы: «Я сержусь на тебя за то, что ты... Твое поведение вызывает у меня чувство...» 
3. Напишите: «Я с любовью признаю и принимаю свои чувства и больше не осуждаю их». 
4. Напишите: «Я — хозяйка своих чувств, и никто не может меня заставить чувствовать что бы то ни было. Мои чувства — отражение того, как я вижу ситуацию». 
5. Продолжите: «Хотя мне неизвестно, как и почему это происходит, я согласна, что эта ситуация создана для моего роста и развития». 
6. Какие ключи, совпадения, повторяющиеся ситуации вы видите в своей жизни? Они могут указывать на то, что в вашей жизни было много возможностей для исцеления, которые вы не заметили в свое время. Выпишите их. 
7. Ваше недовольство служит сигналом, что вы лишали любви себя и человека, к которому сейчас испытываете негативные эмоции. Напишите, как вы проявляли себя: может быть, это было осуждение, неоправданные ожидания, желание, чтобы человек изменился. 
8. Используйте фразы: «Я понимаю, что расстраиваюсь, когда попадаю в резонанс с тем, что отрицаю в себе, вытесняю и проецирую на других людей». 
9. Продолжите: «Этот человек отражает мне то, что мне нужно принять и полюбить в себе, мое ложное восприятие действительности. Прощая его, я исцеляюсь и создаю для себя новую действительность».
10. Продолжите: «Теперь я понимаю, что никакие действия людей не являются ни плохими, ни хорошими». 
11. Напишите: «Я отказываюсь от любых суждений. Я отказываюсь от потребности судить и быть правой. Я хочу видеть совершенство любой ситуации, как она есть». 
12. Продолжите: «Хотя мне пока непонятно, как и почему это происходит, я осознаю, что каждый из нас получил то, что выбрал на подсознательном уровне». 
13. Напишите: «Я благодарю тебя за то, что ты согласился сыграть свою роль в моем исцелении. Я горжусь собой за то, что сыграла роль в твоем исцелении». 
14. «Я освобождаю свое сознание от всех чувств (еще раз перечислите свои чувства». 
15. Поблагодарите человека: «Я благодарю тебя за готовность стать зеркалом моего ложного восприятия и за то, что ты дал мне возможность принять себя такой, какая я есть». 
16. Напишите: «Теперь я осознаю, что все, пережитое мной, было отражением моего нездорового восприятия ситуации. Теперь я понимаю, что могу изменить свою реальность, просто проявив желание увидеть в ситуации совершенство». 
17. «Я полностью прощаю себя и принимаю себя. Я освобождаюсь от потребности цепляться за негативные эмоции, которые несут недовольство собой и ограничения. Я отказываюсь направлять свою энергию в прошлое и разрушаю все преграды, которые отделяют меня от любви и изобилия. Я — творец своих мыслей, чувств, жизни. Я признаю свое единство с источником и чувствую связь с ним». 
18. «Я чувствую, что ситуация будет развиваться совершенным образом. Я есть любовь. Я закрываю глаза, чтобы почувствовать, как через меня течет любовь. Я всей душой прощаю тебя, поскольку вижу, что ты не сделал ничего плохого. Я люблю тебя». 
19. Напишите: «Сегодня я всей душой прощаю тебя, (имя человека), поскольку вижу, что ты не сделал ничего плохого и все произошедшее подчинено Божественному порядку. Я благодарю, принимаю и люблю тебя без всяких предварительных условий, такого, какой ты есть». 
20. «Я признаю, что я вляюсь духовной сущностью, переживающей человеческий опыт. Я люблю и одобряю себя во всех своих человеческих проявлениях».",,
,5,,Родители. Сепарация от чувства вины/обиды,Практика,"Возьмите лист бумаги и напишите все ваши мысли, убеждения о маме и папе. Что, по вашему, они вам должны, или вы им. Какие от кого ожидания. В том числе, финансовая зависимость друг от друга, претензии. 
За что вы чувствуете себя перед ними в обиде или наоборот. 
Можете описать, за что вы им благодарны. Также вы можете дописать, какие они, почему и какими им, возможно, стоило бы быть. Какими они хотят видеть вас, и насколько вам комфортно поддерживать их ожидания. 
Вы можете описать ваши конфликты. 
Задача — описать ваши отношения с родителями. 
После этого напишите: «Да, так было. Это путь моих родителей. Это их выбор. Это опыт их душ, за которым они пришли. И я принимаю его. Я благодарю маму и папу за жизнь, которую они мне подарили. Это самый ценный подарок, который я получила. А я могу жить, действовать, реализовывать себя так, как хочу я. Ведь я Душа, которая пришла в этот мир через них, но ради того чтобы пройти свой путь. И сейчас я выбираю свой путь реализации и предназначения. Я беру себе лучшее от моих родителей, а программы, которые не делают меня счастливой, я оставляю родителям. Я спокойно принимаю, что иду вразрез с ожиданиями родителей, потому что их убеждения — это их убеждения, не мои. И это не означает, что я их не люблю. У моих родителей свой путь, у меня свой».
Пишите письмо, обращаясь к маме и папе по отдельности. Пропишите и почувствуйте освобождние и свободу. Повторяйте эту практику столько, сколько вам потребуется.",,
,6,Как убрать блоки мышления,Освобождение от чужих сценариев,Практика,"Каждый раз когда вы рассуждаете на каку-то важную тему в  нагетивном ограничивающем ключе задумыввайтесь - откуда у вас это убеждение? Чей это сценарий? Кто и когда вам его навязал? А что если может быть по-другому? Проделайте практику на листе 
Отвечайте на 3 вопроса: 
1) Что я сейчас думаю? 
2) Откуда у меня это мнение? А это точно мое мнение? 
3) Зачем мне это мнение, оно мне помогает? 
И если нет — освобождайтесь от него. Проговаривайте вслух: «Да, я так думала раньше. Но это не ведет меня к благополучию. Теперь я думаю иначе» — и добавляйте ваше новое позитивное, нужное именно вам убеждение. Втечение дня периодически оТСЛЕЖИВАЙТЕ свои мысли, ТРАНСФОРМИРУЙТЕ ИХ НУЖНЫМ ВАМ ОБРАЗОМ. ",,
,7,Как выйти из зависимости от чужого мнения и начать легко проявляться,Независимость от мнения других,Аудиопрактика,"Сделайте глубокий вдох через нос и медленный плавный выдох ртом. 
Ваши глаза закрыты, тело максимально расслабленно. 
Откройте свои внутренние глаза и увидьте себя в некоем пространстве. Ощутите за своей спиной людей. Среди них ваши родственники, близкие, друзья, знакомые, одноклассники, соседи, просто незнакомые люди. 
Повернитесь к ним лицом и посмотрите на них. 
Проговорите им несколько матерных слов: 3 существительных и 1 глагол. 1 слово обозначает мужской половой орган, 2 — женский, 3 — женщину легкого поведения, а глагол — половой акт. 
Кричите эти слова так громко, чтобы все, кто стоят перед вами, услышали их. Отследите реакцию своего тела, свои ощущения и чувства. 
Возможно, вам страшно, а может быть, смешно? Смех — это маска, признак боли и обиды внутри, которую вы хотите скрыть, спрятать. 
Возможно, поднимается злость, возбуждение — это здоровая реакция. 
Безразличие — это сигнал противодействия, желание противостоять обществу, бороться с ним. 
Почувствуйте, как вы стоите перед обществом и смотрите на него. 
Теперь посмотрите на ситуацию со стороны. Увидьте среди толпы лидера — человека, который, по вашему мнению, является лидером. 
На выдохе посмотрите на себя глазами этого лидера. Отследите, что чувствует лидер, когда вы произносите эти слова. 
Вернитесь в свое тело. Проговорите: «Мне сейчас очень важно поделиться с вами своими мыслями. У меня есть страх. Я очень боюсь, что если я не буду такой, как вы, если я буду проявляться не так, как вы от меня ожидаете, что если я буду собой и буду делать так, как я хочу, то вы не примете меня и осудите меня. Правда в том, что я устала запрещать и ограничивать себя. Мне когда-то это было нужно. Но теперь я хочу прожить другой опыт, и я принимаю решение выбрать то, что хочу я. Я принимаю решение дейтвоваовать так, как хочу я». 
Проговорите, как вы хотите жить, проявлять себя, какие цели хотите достигать. 
Позвольте всем эмоциям пройти через себя. От каких запретов и ограничений вы устали? Расскажите, что для вас свобода от чужого мнения, косых взглядов, осуждения и ожиданий. Проговорите: «Я благодарю вас, потому что именно благодаря этому опыту я стала той, кто я есть сейчас». 
Осознайте это: благодаря запретам и ограничениям, мы становимся теми, кто мы есть. Осознайте: на самом деле обществу нет до вас дела. Их критика не имеет к вам никакого отношения. Весь их негатив — это лишь то, что они не смогли когда-то кому-то высказать. И выплескивая напряжение на вас, они просто облегчают свою жизнь. 
Осознайте, что только вы решаете, играть с ними в эту игру или идти по своему собственному пути. 
Встаньте спиной к обществу. Посмотрите на свой жизненный путь, какой он. 
Скажите: «Сегодня я приняла важное решение для себя: быть по-настоящему собой и по-настоящему проявляться». 
Сделайте шаг вперед.
Откройте глаза. ",,
,8,Как стать смелой,Проявляться свободно,Практика,"Вспомните и выпишите все ситуации, когда вы боялись проявляться. Какие последствия и минусы своей непроявленности вы видите в этих ситуациях? 
Напротив каждой ситуации напишите: если бы вы тогда проявились, что бы тогда имели, какие плюсы могли получить, если бы проявились? 
Признайте невыгодность не проявляться и попробуйте в ближайшее же время сделать что-то по-своему или новое, нестандартное для вас.",,
,9,,Практика на стойкость и решительность,Практика,"Напишите список своих страхов и проработайте их по алгоритму. 
ПЛАН А:
1. Вспомните и выпишите свои страхи. 
2. Какую эмоцию прямо сейчас это у вас вызывает? 
Напишите: «Я чувствую...» 
Признайте свой страх. Примите его. Когда мы называем вещи своими именами, мы начинаем меньше бояться. 
3. Представьте, что случилось то, чего вы боитесь. 
Проживите это состояние. Докрутите его в воображении до предела, до самых утрированных последствий. Прожив самый страшный страх, вы уже его не боитесь.  

ПЛАН Б: Представьте свой страх или ситуацию, которую боитесь. Прокрутите в голове, как вы его преодолеваете. Примите решение действовать. Посмотрите в зеркало и решительно скажите себе: «Несмотря на то, что страшно, я это сделаю!» 
Сделайте. Привыкните действовать, невзирая на страх. Действие побеждает страх. ",,
,10,,Практика создания позитивной реальности,"Практика, упражнение","Выпишите в первом столбце все свои негативные установки, убеждения и фразы на любой счет. 
Во втором столбце напротив напишите антонимы этому. Самостоятельные позитивные установки и фразы в позитивном ключе на этот счет. 
Визуализируйте эту картинку. Будто каждая ваша позитивная установка ожила, проживите ее эмоционально, погрузитесь в представления максимально. Так ваш мозг сформирует новые нейронные связи и новую картину видения мира. 
Вы можете проделывать так в дальнейшем с каждой новой всплывающей негативной установкой.",,
,11,,Позитивное мышление и видение возможностей,"Практика, упражнение","Вспомните минимум три негативные ситуации в своей жизни, которые вас беспокоят. Напишите их, начиная со слов «Здорово, что это произошло, потому что...» — и дальше распишите плюсы каждой ситуации, минимум 5. 
Делайте так каждый раз, когда возникает необходимость. Так вы выработаете нейронную связь и навык мыслить позитивно и видеть возможности, и при следующей ситуации, когда появится желание грустить и сожалеть, вы будете ощущать, что все вам на руку, не будете впадать в негативное состояние, будете иметьвозможность реагировать спокойно в любой ситуации и принимать осознанные продуктивные решения.",,
,13,Как сохранять осознанность,Практика благодарности,Практика,"Заведите дневник благодарностей и заполняйте его каждый вечер. Уделяйте ему 5 минут своего времени. Напишите минимум 5 благодарностей за день. Вы можете писать благодарности людям, себе, ситуациям и событиям. 
Затем напишите, благодаря кому это произошло в вашей жизни. Чувство благодарности меняет нашу энергетику, мышление и гормональный фон. А также позволяет не забывать, что хорошее происходит в вашей жизни, и ценить людей вокруг.",,
Марс (здоровье и состояние),1,Как похудеть и вернуть прекрасную физическую форму,ЗДОРОВОЕ И КРАСИВОЕ ТЕЛО,Практика,"Задумайтесь какое тело и здоровье вы хотите иметь черз  10 лет? Опишите этот образ. Далее выпишите что для этого нужно начать делать прямо сейчас. На что выделить время и деньги. Вставить это в свой график жизни. ТАКЖЕ Выпишите не менее 20 пунктов: как вы можете проявлять любовь к своему телу каждый день своей жизни. Какие это могут быть действия: упражнения для тела утром, какие-то уходовые ритуалы для лица перед сном, горячая ванна с солью, массаж, прогулка, приятная красивая одежда длядома, ухоженный внешний вид, регулярные процедуры красоты и так далее. 
Начните следить за тем, чтобы каждый день вы выполняли какие-то из этих действий, обращали внимание на свое тело, давали ему любовь через простые действия и ритуалы.",,
,2,,Карта диагностики заболеваний,Психосоматическая карта,ссылка 1 ссылка 2. +ДОБАВИТЬ ИЗ  плаката ЗАБОЛЕВАНИЯ ПО ЧИСЛУ ЧОЗНАНИЯ,,
,3,Как управлять эмоциями,Мое состояние и эмоции ,Дневник эмоций,"Каждый день утром / перед сном / в течение дня записывайте в дневник или заметки все свои чувства, настроение, эмоции и отмечайте свое состояние от 1 до 10. 
Опишите, как вы себя чувствуете и почему. 
Это позволит вам натренировать навык чувствования и больше проживать настоящее, возвращаться к себе, оценивать, насколкьо вы выбираете себя здесь и сейчас, и что вы можете для себя сделать. ",,
,4,,Стоп паника ,Телесная практика,"Вы можете использовать эту технику для самостоятельной работы. 
Зафиксируйте голову на одном месте и поднимите перед собой два пальца, соединив их. Лучше всего держать их чуть выше линии горизонта. 
Ваша задача — двигать пальцы из стороны в сторону, сначала максимально влево, а потом максимально вправо. Ваши глаза при этом должны неотрывно следить за движением пальцев. Скорость регулируйте сами. 
Одновременно сфокусируйтесь на чувстве страха, которое никак не дает делать шаг вперед. Максимально усильте его — вспомните неприятную сцену, какое-то травмирующее событие, что-то тяжелое, жуткое, что тяготило вас в последнее время, и как бы стирайте это пальцами, будто ластиком. Если почувствуете усталость, можно остановиться, отдохнуть. 
Закончив упражнение, возвращайтесь в здесь и сейчас, легонько постучите себя по коленкам, по рукам, осмотритесь. Сделайте 3 глубоких вдоха и выдоха. Далее можно сделать еще 2 подхода, если вы чувствуете себя комфортно — ориентируйтесь на собственные ощущения. ",,
,5,Как привести в баланс свое состояние,ИСТОЧНИКИ ЭНЕРГИИ по дате рождения,9 гайдов по числам сознания,Информация из книги знаний: как поднимать энергию по числу сознания. ,,
,6,,Способы повышения энергии и успокоения - поменять название,Гайд,"Физический уровень: 
1. Активность (ходьба, 8 км в день на скорости 5 км/час, спорт, плавание, танцы) 
2. Баланс воды (1 л/30 кг), теплая вода с лимоном 
3. Питание (минимизировать алкоголь, сахар, мясное, мучное, молочное) 
4. Сон (ложиться до полуночи, вставать рано) 
5. Баня (парилка, душ перед сном и после сна) 

Духовный уровень: 
1. Медитации 
2. Дыхательные практики 
3. Мантры 
4. Аффирмации 
5. Пение 

Социальный уровень: 
1. Общение с приятными вам людьми 
2. Самопрезентация, нести пользу людям 

Интеллектуальный уровень: 
1. Оставаться в позиции ученика 
2. Получать и пропускать знания через себя и свой опыт 3. Путешествия",https://disk.yandex.ru/d/YCXvIbMx1oTMPQ,
,7,,Техника на баланс,"техника ( марс, венера, сатурн)","Разделите лист на 5 столбцов. В первом столбце выпишите 4 сферы:
- Яркость жизни: хобби, окружение, путешествия, времяпрепровождение, любимые дела
- Я: здоровье, внешность, образование
- Семья: муж, дети, родители, родственники. Если выделить личную жизнь, то 5 сфер
- Деньги / работа

Во втором столбце оцените, сколько времени в процентах вы уделяете каждой из этих сфер.

Далее в третьем столбце поставьте балл от 1 до 10 на уровне ощущений, насколько качественным является это время. 

в 4 столбце Если вы поставили не 10, то в третьем столбце ответьте на вопрос: почему не 10? Что мешает, чтобы было 10?

Наконец, в 5 столбце напишите, что вы можете сделать прямо сейчас, чтобы ""подтянуть"" проседающую сферу в количественном (время) и качественном (баллы) отношении.",https://disk.yandex.ru/d/SNUpDpRd8AZJ8Q,
,8,Как повысить уровень энергии,Ресурсное состояние,Практика,"Разделите лист на две части. 
Слева напишите список, какие занятия и действия вас наполняют: творчество, массаж, обьятия, тренировки, прогулки, покупка одежды, музыка, добрые слова себе, встречи с близкими и т. д. Не менее 20 пунктов. 
Справа напишите, какие действия забирают у вас энергию: ссоры, отсутствие ухода за собой, долгий сон, какие-то рутинные дела на работе и т. д. Также не менее 20 пунктов. 
Проанализируйте эти два списка. Ответьте себе на вопрос: как вы можете построить свою жизнь так, чтобы в каждом ее дне было больше наполняющих действий, чем забирающих? Может, что-то сделегировать, поменять или отказаться вовсе? ",,"Гайд с манртами 5-7 мантр как подпитка ресурса ""Я есть любовь!, ""Куда я ни иду, за какое дело я ни берусь, я направляю любовь Бога впереди себя"""
,9,, 3 удовольствия в день,Упражнение,"Заведите себе дневник или планнер. Ваша задача — каждый день делать одно, а лучше три действия, которые приносят вам удовольствие. Планируйте в течение дня эти ритуалы. Это может быть чашка кофе в любимом кафе, или 15 минут утром наедине с собой, или горячая ванна с солью перед сном. Если у вас загруженный день, особенно важно включать в него эти действия. С этого дня вы планируете свое время и начинаете планирование именно со своих удовольствий. Сначала вы думаете о них, потом об остальных задачах дня.

",,
,10,,Практика концентрации и фокуса,Упражнение,"В течение дня удерживайте фокус внимания на конкретных действиях, которые вы делаете. При появлении посторонних мыслей снова возвращайте фокус внимания на действие. Пример: если вы смотрите сериал, то вы ничего параллельно не делаете. 
При выполнении рабочих задач вы можете себе помочь — в первое время можете ставить будильник на 25 минут работы и на 5 минут отдыха. Постепенно вы научитесь через этот простой навык балансировать свой уровень концентрации.",,
,11,,Энергетические вампиры. Диагностика окружения,Практика,"Напишите список всех людей, с которым вы общаетесь в течение дня/недели/месяца. 
Проанализируйте этот список. 
Кто из этих людей забирает вашу энергию, после кого вы чувствуете усталость? 
Кто вас наполняет, после кого вы чувствуете прилив энергии? 
Люди и ваше окружение имеют на вас очень сильное влияние. Сбалансируйте общение энергодающих и энергозабирающих людей. Иногда люди из близкого круга могут оставлять вас без энергии, и да — ваша задача на начальном этапе будет — минимизировать общение с ними. Это нужно будет сделать, чтобы вернуть ресурс себе.",,
,,,,,,,
Луна (отношения),1,"Не знаю, где найти своего мужчину",Практика «Навстречу своему мужчине»,Практика ,"Представьте своего идеального мужчину и отношения мечты. 
Каким вы хотите видеть своего мужчину. Как он выглядит? Где он живет? Кем работает? Сколько зарабатывает? На какой машине ездит? Как он относится к своим близким, к вам? Какие у него ценности? Какие у него хобби? Какое окружение? Кто его друзья, с кем он общается? Как вы себя чувствуете рядом с таким мужчиной? Как он проводит свободное время? 
Опишите все это детально. Погрузитесь в ощущения. 
Ответьте на вопрос: что вы хотите чувствовать рядом с ним? Из этого состояния сделайте следующее задание. 
1. Ответьте на вопрос: где может обитать такой мужчина? В каких клубах состоять, в каких кафе обедать и завтракать? Какие мероприятия он может посещать? Где он встречается со своими друзьями и знакомыми? 
Ваша задача — быть в этих местах и проявляться. 
2. Подумайте, какая женщина должна быть рядом с таким мужчиной. 
Разделите лист на 2 столбца. 
В левом по пунктам подробно опишите мужчину своей мечты, какими он обладает качествами. 
Справа напротив каждого качества мужчины напишите: какое качество у женщины должно быть, чтобы быть наравне с этим мужчиной.",https://docviewer.yandex.ru/?url=ya-disk-public%3A%2F%2FMzIz%2B7tKWigCouokU3ODkl8aMyIyKTuRUEDuSuWAzXXGR11B7%2BTAw6f3GCu11qMjq%2FJ6bpmRyOJonT3VoXnDag%3D%3D%3A%2FПрактика%20«Навстречу%20своему%20мужчине».pdf&name=Практика%20«Навстречу%20своему%20мужчине».pdf,
,2,,Законы женщины привлекаЮЩЕЙ мужчин,Чек-лист,"1. Расслаблена, у нее нет чувства тревоги.
2. Доверяет своему мужчине, всем мужчинам.
3. Видит достоинства своего мужчины и по-настоящему ими восхищается.
4. Не дает советы своему мужчине, а просто поддерживает его своей верой.
5. Считает своего мужчину лучшим и не сравнивает его с другими.
6. Не спасает своего мужчину и дает ему право самостоятельно решать проблемы.
7. Умеет просить подарки и принимать их.
8. Очень много желаний, и она говорит о них своему мужчине.
9. Любит свою жизнь, ей интересно с самой собой, комфортно в своем одиночестве.
10. Увлечена своими интересами, хобби, деятельностью.
11. Любит и принимает свое тело.
12. Умеет получать удовольствие.
",https://disk.yandex.ru/d/O-katPNbKHY_Ig,
,3,"Как женщине проработать себя, чтобы мужчина рос в доходе, дарил подарки",Практика наполнения энергией своего мужчины,Практика ,"Выполняйте эту практику каждый день. 
Представляйте своего мужчину и мысленно снимайте свои доспехи, свою силу и вешайте ему на плечи. Освобождайтесь от переизбытка мужской энергии внутри вас, передавайте ее мужчине. Чувствуйте, как вы наполняетесь женской энергией в этот момент. 
Посмотрите на своего мужчину и наблюдайте, как он растет на ваших глазах, становится сильнее, мужественнее. 
Каждый день находите в действиях и жизни своего мужчины победы и хвалите его за каждую мелочь. Обязательно говорите ему об этом вслух. 
Когда мужчина вам о чем-то рассказывает, слушайте его внимательно, давайте ему свою энергию. Наблюдайте, как постепенно, не сразу, будет меняться его состояние, достижения и, конечно, отношение к вам

","
https://disk.yandex.ru/i/4tL21jNRmARH8Q",
,4,,Практика на счастливые отношения,Практика ,"Напишите список из 50 пунктов, чем вы восхищаетесь в своем мужчине, список его плюсов, что он умеет делать лучше всех, за что вы его цените, что вам понравилось в нем, когда вы только познакомились, за что вы ему благодарны.","
https://disk.yandex.ru/i/veLRKWywTqdUxg",
,5,,НЕЙРО ЖЕНЩИНА-СОЛНЦЕ,Нейропрактика ,,ВЗЯТЬ ИЗ ГЖ С ГЕТКУРСА ,
,6,Не умею себя правильно поставить,Практика проработки личных границ ,Практика ,из планеты солнце,https://docs.yandex.ru/docs/view?url=ya-disk-public%3A%2F%2FMzIz%2B7tKWigCouokU3ODkl8aMyIyKTuRUEDuSuWAzXXGR11B7%2BTAw6f3GCu11qMjq%2FJ6bpmRyOJonT3VoXnDag%3D%3D%3A%2FПрактика%20проработки%20личных%20границ.pdf&name=Практика%20проработки%20личных%20границ.pdf&nosw=1,
,7,,Техника донесения до мужчины своих желаний,Упражнение,"Потренируйте общение с мужчиной по формуле: 
комплимент - желание - комплимент
Комплименты важно говорить искренне и естественно, с соответвующим тоном, лицом и энергетическоим посылом. 
Когда вы проговариваете свое желание, вы деликатно обьясняете, как с вами нужно себя вести, чего вы хотите, каких действий от мужчины.
Завершая диалог комплиментом, вы программируете мужчину на поведение.
Например:
Вы такой заботливый и галантный мужчина. И я готова принять от вас (такой_то) подарок и конечго  в том случае, если меня это ни к чему не обяжет. Вы очень щедрый мужчина , женщине рядом с вами чувствует себя как за каменной стеной.",https://disk.yandex.ru/i/ioYEXd5TvrQf6Q,
,8,Как забыть бывшего,Энергетический развод с бывшими,уадиопрактика из гж,,ИЗ ГЖ,
,9,"Не умею общаться с мужчинами, нет понимания ссор и конфликтов",Как помириться при конфликтах,лайфхак,"если у ва возник конфликт, либо вы хотите что их не было из_за недопонимания важно обсуждать со своим парнером как вы оба видите ваши отношения, сей союз. К чему вы как союз хотите прийти. И как вы это видите. Ведть вы хотите, чтобы вы были вместе и были счастливыпри этом? 
То есть вы и ваш партнер прогоывариваете, Каждый отдельно ( начиная с вас) рассказываете свое видение: что для вас означает семья и к чеум вы хотите прийти. Послерассказыввате он. И вы приходите к общему:  описываете вашу общую цель. После каждый из васс рассказывает что к готов сделать со своей стороны для достижения общей цели. Таким образом вы возьмете ответственность на себя и снизите уровень претензий к своему партнеру.
",https://disk.yandex.ru/i/SifTHvuAwQ3sEg,
,10,,"как Узнать, что у него в голове",расстановочное Упражнение ,"Возьмите 2 стула. Назначьте себе роли. Когда вы сидите на первом стуле, вы выполняете свою роль. Когда вы сидите на 2м стуле, вы выполняете роль своего мужчины. Перемещайтесь со стула на стул, разыграйте диалог между собой и мужчиной. Дайте описание ситуации, когда вы находитесь в своей роли, затем - в роли мужа. Опишите чувства. Старайтесь говорить через: я слышу, я чувствую, я вижу. Определите результат, какой вы хотите, находясь в своей роли. Следом переместитесь на стул мужа. войдите в его роль и опишите его чувства и желания его цели и ожидания  а также видение результата глазами мужа. Ищите решения, которые удовлетворят вас обоих, пересаживаясь со стула на стул. В конце взаимодействия сделайте проверку на экологичность. Ответьте на вопрос по очереди, сначала в роли себя, потом в роли вашего мужчины: не потеряли ли вы что-нибудь позитивное в процессе разговора?
",https://disk.yandex.ru/d/gnwjihsQ4gE55w,
,11,"Мужчина на мне не женится, несерьезные отношения",Возвращаться ли к бывшему?,Практика,"Напишите на листе: по каким причинам вы разошлись.
Когда мужчина возвращается к вам, ответьте себе на вопрос: то, из-за чего вы расстались, еще важно для вас?
Если важно, ответьте на 2й вопрос: как изменились эти причины?
",https://disk.yandex.ru/i/RlBBp1xA8-75qg,
,12,,как строить отношения,Практика,"1. Пропишите: чего вы хотите от своего мужчины, от отношений? Вы готовы сейчас к серьезным отношениям или вам достаточно встреч и флирта? Как вы хотите, чтобы мужчина относился к вам?
2. Ответьте после этого себе на вопрос: а говорите ли вы об этом мужчине? Показываете ли свои истинные желания или проявляете другие из-за страхов быть непонятой, ложных убеждений?
Ваша задача - научиться понимать: чего вы на самом деле хотите и свободно транслировать это мужчинам.
",https://disk.yandex.ru/i/_A24J6Kh7Bx48Q,
,13,"Не могу найти настоящего мужчину, все делаю сама",Прокачка женственности. баланс Жеской энергии,Упражнение,"В отношениях с другими: Выйти из роли мамы, учительницы, спасательницы, судьи и прочее для вашего мужчины. Да и вообще для всех, в том чиле для своих родителей. В отношении к работе: изменить воеденчие паттерны присущих мужчинам - работаь много и тяжело, рабоать ради выживания и чтобы прокормить семью, гипер контроль, власть, насталвения, гиперответсвенность, жесткость и пр.  В отношении к себе: чаще выбирать из хочу, а не надо, бережное отношение к своему телу и чувствам, перестать экономить на себе, ритуалы по уходу за своей вншностью и здоровьем, опрятынй вид и быт, относиться к себе как хрустальной статуетке  то етсь оберегать и поддерживтаь себя из любви. В отношении с внешним миром: в течение дня регулярно и осознанно прибегайте к помощи мужчин. Каждый раз, когда вам что-то нужно сделать: открыть дверь, донести сумку, поднять вещи, купить что-то  - просите об этом помощи у мужчин. Перекладывать принятие важных оющих решений на совего мужчину. Просить помощи при решении проблем , уходить оттуда где вас не поддерживают, давят, поднимают руку, унижают - не втупая в борьбу.
",https://disk.yandex.ru/d/NQl-m4qzq5nLPw,
,14,,ЛАЙФ ХАКИ ПО ЧС,,девять штук из гж,"1: https://disk.yandex.ru/d/GFIqWs4sTw4BwA
2: https://disk.yandex.ru/d/5NJWouFjE-LEXw
3: https://disk.yandex.ru/d/PeQUv5utQ3C6CA
4: https://disk.yandex.ru/d/zdhy_rdgwmOJ9A
5: https://disk.yandex.ru/d/vEPZj1lxS0oXMA
6: https://disk.yandex.ru/d/mOHuyZ_HX1kJ8g
7: https://disk.yandex.ru/d/5qFKJsGkRTtxEw
8: https://disk.yandex.ru/d/yEEo-vEtJ8cVQQ
9: https://disk.yandex.ru/d/o6jo2cSqaiAKeA",
,15,"Нет романтики, страсти, близости в отношениях",Вернуть страсть в отношения ,Чек-лист,"- ходите дома красивая без белья
- введите семейные традиции
- совместный ужин вдвоем
- раз в месяц уезжайте в отель на 2 дня
- займитесь сексом в необычном месте
- поцелуйте друг друга в день 8 раз
- обнимайтесь 8 раз в день
- квест 30 дней секса 
- присылайте романтичные или откровенные сообщения друг другу
- отдохните друг от друга 
- устройте необычное свидание-сюрприз своему партнеру, или вечер экстремального опыта
- устройте вечер тантры
 - попробуйте что-то новое в сексе ( поза, инвентарь, ролевые игры) 
- сходите на танцы парные -сходите на совместные танцы танго, бачата _ флиртуйцте с ним и отсылайте голые фотографии",https://disk.yandex.ru/i/tbDIjDvfrm4Zew,
,16,,Практика благодарности,,из планеты кету,https://disk.yandex.ru/i/KKBjQ43OCK0pIw,
,17,Как выйти из родительских сценариев и построить гармоничные отношения,Идеи романтических свиданий ,Гайд,Гайд по свиданиям из гж,https://disk.yandex.ru/d/jpWwLa70DUeN9w,
,18,,Снятие с себя родительских сценариев,Практика,"Напишите свое отношенияе к мужчинам, к вашему партнеру, папе. коллегам на работе. Есть ли здесь претензии? Если да, ответьте на вопрос: чьи они? Ваши? Мамины? Бабушки? Представьте этого человека и как вы возвращаете ему эти претензии, негативные убеждения и опыт по поводу мужчин. Они вам больше не служат. А себе оставляете - только полезные и и добавляете позитивные ",https://disk.yandex.ru/i/3xTdVkAKsHv1Zw,
,19,,Гармонизация отношений с родителями,Практика,"Напишите письмо маме и папе по образцу, и ответ на эти письма: «Дорогой/ая папа/мама, я злюсь на тебя за то, что ты... Мне обидно, потому что ты... Мне больно, потому что ты... Я был/а разочарован/а, когда ты... Мне грустно, потому что... Мне страшно от того, что... Я сожалею о том, что... Я благодарю тебя за то, что... Если почувствуете очищение и добрые чувства, то так и напишите: «Я люблю тебя!». Ответ на письмо обид: «Я прошу прощения за... Теперь мне понятно, что... Спасибо тебе за... Я люблю тебя». После написания всех писем представьте перед глазами маму и папу и проговорите им мысленно: «Я  вас люблю. С благодарностью начинаю отношения с вами с чистого листа».",https://disk.yandex.ru/d/uatSPiYQ2vSa8w,
,20,,КАК ИЗМЕНИТЬ ПАРТНЕРА,Практика ,"КАЖДЫЙ ЧЕЛОВЕК НАШЕ ЗЕРКАЛО. ЧАТСЬ НАС ПРИТЯГИВАЕТ ОПРОЕДЕЛЕННЫЙ ОПЫТ, КОТОРЫЕ НАМ ВОСПРОИЗВОД]Т ОКРУЖАЮЩИЕ. ЧТОБЫ ИЗМЕНИТЬ ТО ЧТО ВАМ НЕ НРАВИТСЯ В ПОВЕДЕНИИ ДРУГИХ ЛЮДЕЙ , НУЖНО РАССОЗДАТЬ В СЕБЕ ЭТУ ПРОГРАММУ. План А: Вы признаете свои теневыен стороны, План Б Находите плюсы в минусовом проявлении своего партнера . Таким образом вы убираете напряжение в этих аспектах.принимаете теневую сторону себя и парнета. И больше вам не нужно проживтаь данный опыт. После этого сценарии могут измениться. А парнер  измениттьсч яили изменить к вам свое отношение",https://disk.yandex.ru/i/LKN6vl1_gMBk3A,
,,,Техника на баланс (из Марса),,,✔️ ,
Венера,1,"Раздражительность, много суеты, не хватает времени",Быть в ресурсе,Практика,"Напишите список действий и ресурсов, которые забирают энергию и список действий, которые наполняют энергией (например, прогулка на свежем воздухе - наполняет, поход за продуктами - забирает энергию). Фокусируйте себя каждый день на наполняющих действиях. Начните вести гугл календарь и планировать свои дела на неделю вперед. аналитзируйте дела- выделяйте все дела цветом: зеленые – что вы любите делать и то, что вас наполняет, желтые – рутинные дела, которые бы вы хотели делегировать, красные – дела, которые забирают энергию. Ваша задача постепенно привести свой календарь к зеленому цвету.  
",https://disk.yandex.ru/i/dCKtTSO0XYf5uw,
,2,,Научиться делегировать ,Практика,"Время – самый ценный ресурс. Подумайте, на сколько правильно вы им распоряжаетесь. Для того чтобы быть на энергии, начать зарабатывать кратно больше, необходимо научиться делегировать. Делегирование - это освобождение своего времени, сил и внимания для того, чтобы заниматься теми вещами, которые приносят больше удовольствия и результата. 2 этапа делегирования: 1. Проанализируйте свой быт и рутину - какие действия забирают у вас энергию - освобождайтесь от них. 2. Проанализируйте свою работу. Пропишите - что вы любите делать. Эти дела вы в первую очередь должны оставить себе. Что вы любите делать в меньшей степени, что вас бесит - делегируйте.  Проанализируйте: что вы делаете за деньги, а что вы делаете бесплатно. Освободитесь от действий, которые не ведут вас к деньгам. Успешная энергичная и масштабная личность делегирует все рутинные задачи, и оставляет время для любимых и стратегически важных дел. Существуют 2 пути делегирования: платный и бесплатный. Платный - вы покупаете чье-то время. Бесплатный - вы можете попросить о помощи подругу, маму, договориться с кем-то по бартеру в рамках рабочего процесса, сделать коллаборацию. ",https://disk.yandex.ru/d/pTniXopJuH3vgg,
,3,Как полюбить себя,Любовь к себе,Аудиопрактика,В планете Солнце,,
,4,Как стать женственной и сексуальной,Нейропрактика НА БОГАТОГО МУЖЧИНУ,Нейропрактика,,,
,5,,Принятие себя,Практика,Разделите лист на 2 части. Слева напишите свои минусы. Справа напротив каждого минуса напишите по 3 плюса на этот минус. ,https://disk.yandex.ru/d/QnDrHvgzC0BtSQ,
,,,Повысить либидо и улучшить секс,Гайд,"Из ГЖ подборка фильмов, секс-игрушек и",https://disk.yandex.ru/d/MS3YC-MC6OsLKw,
,,,Вернуть страсть в отношения ,Чек-лист ,Из луны,https://disk.yandex.ru/i/tbDIjDvfrm4Zew,
,6,,Как стать манкой,Практика ,"Вы, наверно, обращали внимание, когда вы выходите из салона - вы чувствуете себя совсем по-другому.
Возьмите за правило: всегда выглядеть красиво и ухоженно на протяжении недели/месяца - каждый день. Независимо от того, где вы находитесь: дома, гуляете с собакой, ведете ребенка в школу. Обратите внимание на свою домашнюю одежду, она должна быть женственной и красивой. Макияж, красная помада, любимый аромат, ухоженное тело - все это те атрибуты, которые мягко и незаметно погружают в женское состояние. Внесите в свою жизнь больеше женских ритуалов ухода за собой: крема, свечи, ванны с солью перед сном, не выходите из спальни, пока за собой не поухаживаете. Украшайте пространство, в котором вы живете, работаете - покупайте элементы декора, свежие цветы, используйте красивую посуду, сервируйте стол.
Выбирайте для себя периодически время, когда вы ходите дома голая. Так вы сможете быстрее наладить контакт с телом, включить чувственность.  Также попробовать занятия тантроц, пилатес, танцы , бачата или танго. Через тело поднимать женскую медовую энергию. И конечно замедляться. Плавность - язык королев",https://disk.yandex.ru/d/8K3SPziCGpBatw,
,7,,Практика на раскрытие сердца,Аудиопрактика + мАНТРЫ,"Почему это важно. Сердце дает намного больше энергии, чем любой другой орган вашего тела. Когда оно раскрыто – вы живете в доверии, любви к себе, без обид и огорчений. Вы посылаете во вселенную свои запросы и вселенная вам отвечает. 
Займите удобное положение. Сядьте, лягте, как удобно. Закройте глаза. Сделайте глубокий вдох через нос и выдох через рот. Представьте, как из центра земли поднимается поток энергии, проходит через стопы и активирует каждую клеточку вашего тела. Энергия поднимается и тело расслабляется, начиная от самых пяток. Расслабляются ноги, бедра, таз. Расслабляется низ живота, полностью живот, грудь. Дыхание ровное и спокойное. Расслабляются плечи, руки. Расслабляется шея, голова лицо. Ваше тело полностью расслаблено.  
И вот энергия касается вашего сердца. Я прошу раскрыть в каждой клеточке вашего тела знание, как это чувствовать: доверять. Я знаю, как это чувствовать: я в безопасности. Почувствуйте, как эти чувства активируются в теле. А энергия раскрывает ваше сердце. И оно раскрывается как красивый бутон прекрасного цветка.  Почувствуйте, как в вашем теле раскрывается чувство любви. Почувствуйте легкость и расширение.  Почувствуйте благодарность к своим родителям и всем своим близким, себе, этому прекрасному миру за то, что вы здесь, своему роду за то, что он вас поддерживает.  И представьте, как вы им отправляете энергию благодарности от своего сердца к их сердцам. 
Когда будете готовы - открывайте ваши глаза. ТАКЖЕ ПРЕЛАГАЮ 
",https://disk.yandex.ru/d/zjMDodWIjfyE9Q,"мантры добавить, добавить в марс"
,,,МАНТРЫ  к прпактике на раскрытие сердца,Практика,"Каждый день повторяй мантры:

Я излучаю любовь
При каждом соприкосновении со мной, люди получают энергию любви
Я есть доброта
Я – любовь Бога на Земле
Куда я ни иду и за какое дело ни берусь, я направляю любовь Бога впереди себя ",https://disk.yandex.ru/i/ZSy1pMokc4hCOw,
,9,"Хочу научиться ни в чем себе не отказывать, радовать себя",Техника вдохновения и поиска любимого дела,"Техника (Марс, Венера, Раху) ","Напишите список, какие занятия и действия вас наполняют: творчество, массаж, объятия, тренировки, прогулки, покупка одежды, музыка, добрые слова себе, встречи с близкими и т. д. Не менее 20 пунктов. 

Если вы понимаете, что вы не знаете, что вы любите и что вас зажигает, ваша задача найти такие увлечения и хобби. Они сделают вас счастливей и энергичней, жизнь станет ярче. А также, именно из ваших увлечений может родиться дело мечты, на котором в дальнейшем вы будете зарабатывать. Найдите занятия, дела или хобби, которые вас наполняют и вдохновляют. 
Если вы не понимаете, что может вас вдохновлять, пробуйте новое! Отслеживайте свои ощущения и отмечайте, что именно вам нравится. Вы можете воспользоваться чек-листом занятий для вдохновения",https://disk.yandex.ru/i/ch-kyuofx6w5iw,
,10,, РАСШИРЕНИЕ ФИНАНСОВОЙ ЕМКОСТИ,Виртуальные деньги,В планете Сатурн,https://disk.yandex.ru/i/VX2dqOYjK39JEA,
,11,,проявление своей внутренней женщины,Упражнение,"Напишите список своих 30 - 50 желаний. Напротив каждого желания отметьте: почему вы этого достойны уже сейчас.
",https://disk.yandex.ru/i/X1hEuuJ8tZfe2Q,
,12,"Зажаты эмоции, скована, хочу стать смелой и раскрепощенной",Практика на отпускание контроля и снятие ответственности - поменяли название,Практика,"1. В ОТНОШЕНИЯХ ИНОГДА МЫ ПРОЯВЛЯЕМСЯ НЕ КАК ПАРТНЕР, А КАК: мама, учительница, спасательница. Пропишите все ситуации, в которых вы ведете себя как мама/спасатьель и тп. 2. Опишите свой аватар: вы - красивая, сексуальная, легкая, успешная, реализованная женщина. Как себя чувствует эта женщина? Как она проявляется? 3. Погрузитесь в состояние своего аватара и из этого состояния напротив каждой ситуации в 1-м пункте напишите: Как вы хотите поступать там на самом деле? Как вы - реализованная сексуальная, принимаете решения? Какие свои качества проявляете? Как вы себя чувствуете, когда так проявляетесь? 4. Примите решение действовать с этого дня именно так, а также постоянно анализировать свое состояние и поведение: ведете ли вы себя как ваш аватар, чувствуете ли вы себя так. Если нет - осознанно переключайтесь.",https://disk.yandex.ru/d/saOak-9TDB08Jw,
,13,,"Жить из «Хочу», а не «Надо»",Упражнение,"Ваша задача – развить навык глубинного понимания, для чего вы на самом деле делаете какое-то действие? Перед каждым новым действием задавайте себе вопросы: зачем вы собираетесь делать это? Как это действие повлияет на вашу дальнейшую жизнь? Вы хотите это делать или вам «надо». Если «надо», то выберете 1 из вариантов: 1) либо откажитесь СЕЙЧАС ИЛИ навсегда от этого действия 2) либо найдите в действии пользу и удовольствие для себя. Каждый день в дневнике фиксируйте, какие действия преобладали: «хочу» или «надо»",https://disk.yandex.ru/i/Wv3tA7uVWTefBw,
,14,"Не умею радоваться жизни, жить в кайф, быть в моменте",Жизнь в удовольствие уже сейчас ,Практика,"Пропишите подробно ваш идеальный день. И список: что в этом дне зависит от количества денег в вашем кошельке? Напишите список: что вы можете делать уже сейчас? Какие вещи бесплатно вы можете делать? Начните жить днем мечты уже сейчас.
",https://disk.yandex.ru/i/WDO2QvXZpexuOA,
,15,,Практика «Свидание с собой»,Практика,"Подумайте, как вы хотите провести день, или 3-5 часов своего времени. Наедине с собой. Как вы хотите себя порадовать. УСТРОЙТЕ СЕБЕ СВИДАНИЕ МЕЧТЫ, от чего получите удовольствие. Это может быть поход в СПА, или на массаж, а может быть - прогулка в лесу. Возможно вы хотите подарить себе несколько часов шопинга и кофе в уютном кафе. Напишите это свое желание и дайте себе обещание - подарить такое свидание себе в ближайшие дни.
ВО ВРЕМЯ СВИДАНИЯ ЗАКРЕПИТЕ В СЕБЕ СОСТОЯНИЯ И ЧУВСТВА, КОТОРЫЕ ПРОЖИВАЕТЕ. ВОЗМОЖНО ВАМ ЗАХОЧЕТСЯ ВЫПИСАТЬ МЫСЛИ САМОРЕФЛЕКСИИ",https://disk.yandex.ru/i/YSvpW3Q7GwItVQ,
,16,,Королевская энергия,Практика,"Пропишите свой аватар успешной роскошной женщины. Как вы себя чувствуете, когда вы такая женщина. Визуализируйте это состояние. Каждый день в течение дня задавайте себе вопрос: а вы сейчас в своем действии выбираете себя или кого-то другого?  Чаще представляйте себя такой, входите в это состояние, реагируйте на вещи и принимайте решения, исходя из этого ",https://disk.yandex.ru/i/y8GXdKgH4nBIjA,
,17,"Делаю все для других, забываю о себе, экономлю на себе, угождаю всем",,,,,
,18,,,,,,
,19,Как начать проявлять свою женственность,Я выбираю себя,,"Напишите списки: 1) что вы позволяете себе и чего вы достойны, 2) чего вы хотите и чего вы не хотите. ДАЛЕЕ В ТЕЧЕНИЕ ДНЯ СПРАШИВАТЬ: А СЕЙЧАС Я ВЫБИРАЮ СЕБЯ?",https://disk.yandex.ru/d/pRQxJFWltFU7xQ,
,20,,Техника на раскрытие сексуальности,Аудиопрактика,"Какая она – женственная, сексуальная женщина? Она умеет наслаждаться, заземляться, отдыхать, научилась снимать с себя контроль и доверять мужчине и Вселенной, спокойная, выбирает себя. Чтобы стать такой женщиной, выполняйте каждый день в течение месяца эту практику. В момент, когда вы чувствуете, что устали, хотите отдохнуть, но продолжаете что-то делать, ощущаете нулевую энергию, либо в моменты стресса, представляйте, что рядом с вами находится женщина, котрая о вас заботится. Представляйте максимально подробно: как она выглядит, какого цвета у нее глаза, во что она одета. Она прекрасна и невероятно красива, у нее нежный голос и мягкая улыбка. Она подходит к вам. Что она вам говорит? Какие слова? Что она делает? Возможно она обнимает вас, крепко прижимая к себе. А может быть она говорит вам, что нужно отдохнуть и пойти заварить себе чай. Она может предложить вам прямо сейчас поехать в СПА или пойти на прогулку. Прислушайтесь к этой женщине. Прочувствуйте, что вы хотите сделать прямо в этот момент, когда она с вами разговаривает. Первые дни вам возможно будет сложно найти с ней контакт. Не расстраивайтесь. Просто продолжайте. И через время вы заметите, как начинает раскрываться ваша женственность.",https://disk.yandex.ru/d/0Up1VmR6Qj_wCQ,
,,,Практика на раскачку своих желаний,Практика + ЧЕК ЛИСТ БЕЛЯКЕОВОЙ,"Пропишите список (50-100 пунктов): чего вы хотите, о чем мечтаете, какие у вас есть желания. Они могут быть и маленькими (устроить себе выходной день и ничего не делать или купить новый комплект белья), и большими (ремонт в квартире, покупка дома). Не ограничивайте себя. Важно: когда пишете желания, соединяйтесь с каждым из них, чувствуйте — ваше это желание или нет. Ваш мозг может содержать огромное количество чужих желаний. Для проверки истинности желания представляйте: а что вы будете чувствовать, когда осуществите это желание? Если вам нравятся эти ощущения и чувства, — желание ваше. Важно: не думайте о деньгах, не ограничивайте свою фантазию. Пишите из состояния: у вас уже все есть.",https://disk.yandex.ru/d/NdHptiNURBicjA,
,,,Мониторинг доходов и расходов,задание,"Заполните таблицу, где 1-я колонка – ваши активы, 2 колонка – ваши  доходы , 3 колонка – ваши расходы. Проанализируйте свое финансовое состояние. Для роста дохода вы должны понимать точку, от которой необходимо оттолкнуться.",https://disk.yandex.ru/d/yV3V4t6NPn-_0A,
Сатурн (реализация),1,Как построить лучший сценарий своей жизни,Техника богатства и роскоши ,,"Оцените 4 сферы своей жизни: деньги, работа, яркость жизни, комфорт от 0 до 10. Пропишите по каждой сфере - на сколько реально от 0 до 10 вы сможете сделать улучшения. Опишите по каждой сфере желаемый уровень жизни. Поставьте конкретные задачи, которые вам необходимо сделать, чтобы приблизиться к идеальному уровню по каждой сфере.",https://disk.yandex.ru/i/JfvxgFG8TevH7A,
,2,,Нейропрактика «Масштаб и квантовый скачок»,Нейропрактика,,,
,3,Как начать больше зарабатывать,Расчет финансового потенциала,Практика,"1)Пропишите списком все ваши ежемесячные расходы и траты сейчас. Посчитайте сумму итого. 2) Далее пропишите ваши ежемесячные желаемые траты, как если бы у вас было столько денег, сколько вы хотите - и вы могли тратить на то, что хотите: регулярный массаж, регулярные походы ресторан и т.д. Посчитайте сумму итого. 3) Далее отнимите от 2-й суммы 1-ю - это и будет ваш финансовый потенциал - сумма, которую вы можете зарабатывать.",https://disk.yandex.ru/i/BxYRZh-ATzk-vw,
,5,,Как прийти к финансовой цели,Упражнение,"Для того, чтобы прийти к своим финансовым целям, важно фокусировать на них своё сознание. В этом поможет декомпозиция. 
Вы сделали задания «Мониторинг доходов и расходов» и «Определение финансового потенциала» и теперь знаете свои финансовые возможности на данный момент. Определите к какому финансовому результату вы хотите прийти и в какой срок. Не ставьте слишком длительный период: первую декомпозицию лучше сделать на 1-3 месяца. 
Разделите лист на 3 колонки. В первой колонке пропишите все свои способы заработка (продукт, услуга). Во второй – сумму заработка напротив каждого способа. В третьей – количество (сколько человек должны купить ваш продукт или услугу).  
Желательно расписать 3 варианта: сформулировать для себя план минимум, план средний и план максимум.",https://disk.yandex.ru/d/pUvj70t-g9aVTA,
,6,,Секрет богатых людей,,"Пропишите свои ежемесячные доходы. 
Выделите % от этих доходов (5-30%), который вы будете ежемесячно инвестировать (вложения, учеба. Благотворительность – отдельно). 
Фиксируйте сумму, которую вы проинвестировали.",https://disk.yandex.ru/i/QaQycKMBL8f9pA,
,7,Как зарабатывать в легкости,Научиться делегировать ,Практика,из венеры,https://disk.yandex.ru/d/pTniXopJuH3vgg,
,8,,Богатое мышление . ЛАЙФХАКИ,Чек-лист,"1. Хвалите себя за всё. 
2. Проявляйте себя открыто. 
3. Общайтесь со всеми людьми на равных, стремтесь к окружению успешных, идейных, деятельных. 
4. Постоянно вкладывайтесь в своё обучение. 
5. Успевайте брать новые возможности. Не тяните с принятием решений. 
6. Принимайте решения из своей точки Б.
7. Разрешайте разным событиям быть. НЕ ТЕРЯЙТЕ ЭНЕРГИЮ НА СОКРУШЕНИЯ и идите вперед. 
8. Платите за лучший сервис и удовольствия. 
9. Заботьтесь о своем состоянии. Это не роскошь – это база. 
10. Пробуйте новое, будьте гибкими и творческими в подходах. 
11. Награждайте себя просто так и регулярно. 
12. Держите фокус на себе, сових результатах целях и желаниях. Сравнивать себя стоит только с собой вчерашним. 
13.Задумывайтесь, какая польза будет миру от вашей деятельности. 
14. Знайте, что когда вы тратите деньги – вы помогаете другим людям, когда вы продаете свои услуги – вы помогаете другим людям.
15. Делайте с превышением (больше, чем от вас ждут, отдавайтесь на 10-20% больше) 
16. Не надо думать как сэкономить. Надо думать как больше заработать. 
17. Выбирайте лучшее из возможного. 
18. Когда приходит вдохновение и идея – реализуйте её в жизнь. 
19. Не смотрите на упущенное в прошлом, смотрите на возможности впереди (к потере денег относиться так же) 
20. Будьте благодарными людям и жизни 
21. Наслаждайтесь процессом, путём к мечте и цели",https://disk.yandex.ru/i/WOPNVJwFVRlZvg,
,9,Как управлять своим временем,Быть в ресурсе,Практика,Из планеты Венера,https://disk.yandex.ru/i/dCKtTSO0XYf5uw,
,10,,9 правил тайм-менеджмента,Чек-лист,"1. Понизьте степень перфекционизма (лучше делать как-нибудь, чем никак).  
2. Не равняйтесь ни на кого, у вас своя история (сравнивайте только себя настоящего с собой прошлым). 
3. Будьте честными не только с другими, но и с собой. 
4. Планируйте (сегодня вы должны знать, что будете делать завтра, через неделю или месяц) – пишите сегодня в заметках конкретные действия, а также свои удовольствия. 
5. Живите по ролям. Какие роли вы исполняете в жизни? В вашем планировании должно быть место для реализации каждой роли (счастливая женщина, любимая жена, любящая мама, дочь, профессионал, ученик и т.д.) 
6. Всё по полочкам (возникла новая задача – сразу же отмечай её на нужный день в календаре, так вы ничего не упустите). 
7. Время вдохновения (его тоже нужно планировать, это только ваше время!). 
8. Следуйте за своими планами (это закон, который приводит к результатам). 
9. Делайте в каждую единицу времени только одно дело. *подробнее об этом в задании «Фокус на действии»",https://disk.yandex.ru/d/mM5790A27hzqoQ,
,11,,техника фокусирования,техника,"Когда вы приступаете к какому-то делу, заведите таймер на 25 минут. 
Работайте 25 минут, не отвлекаясь. По сигналу таймера сделайте 5-минутный перерыв. 
Если задача требует более двух отрезков по 25 минут, то перерыв стоит сделать уже 15-минутный. 
Чередуйте так действие и отдых. 

Это простое упражнение научит вас концентрироваться на задаче и стать более эффективной. ",https://disk.yandex.ru/i/YpiTMSqOiS7oow,
,12,,Техника планирования,Упражнение,"Для того, чтобы поставить цель и спланировать время, нужно определиться со своим желанием. 

1. Подумайте, чего вы хотите? Определите конкретно цели. 
Например, вы хотите стать стройной.  
2. В какой срок вы хотите реализовать это желание? 
Важно: ставьте реалистичные сроки, в которых вам будет комфортно двигаться к своим целям и совмещать со своей жизнью. 
Например, вы хотите постройнеть за 3 месяца. 
3. Как вы к этому можете прийти? Тут нужно расписать задачи. И каждую из задач расстаивть в свой график. 
Например, за счет регулярных тренировок 3 раза в неделю. Поставьте в своё расписание эти тренировки. 
4. При планировании важно учитывать все свои регулярные дела: основные и второстепенные. 

Не забывайте о балансе в жизни, чтобы не скатиться в выгорание от достигаторства. А также при постановке целей не забудьте задаться вопросом: что вы должны чувстовать, пока будете достигать этих целей? ",https://disk.yandex.ru/d/RmSwsznDViZLyA,
,13,,Техника от выгорания,Техника,"Ваш доход и внутренний ресурс связаны напрямую. Поэтому всегда важно следить за своим ресурсным состоянием. 

Начинайте планирование своего дня или недели с планирования удовольствий. 
Подумайте: какое удовольствие в течение дня вы должны делать (5 минут молчания, кофе и т.д.). В идеале 3 удовольствия в день. 
Пропишите список: что вам приносит удовольсвтие. И начните строить все задачи дня вокруг этого удовольствия. 

Важно: нельзя оставлять удовльствие на конец дня.",https://disk.yandex.ru/i/VHX6Tjo2qmJf4Q,
,14,Как выйти из долгов и кредитов,Как избавитья от кредитов и долгов,Чек-лист,"
1. Начните гашение долгов и кредитов с самого маленького.
2. Научитесь передоговариваться с людьми, не давайте обещаний, когда заведомо знаете, что не сможете их выполнить.
3. Ни при каких обстоятельствах не нарушайте сроки погашения кредитов.
4. Наберитесь терпения: если у вас кредиты на 500 000 руб., а доход 40 000 руб. в месяц, никакие волшебные таблетки не помогут вам закрыть кредиты за 1 месяц.
5. Самое важное в кредитах – это досрочное погашение. Часто бывает, что ежемесячный платеж по кредиту небольшой, но при этом выплачивать его надо несколько лет. Регулярно, внося суммы на досрочное погашение, вы существенно сократите свою долговую нагрузку и процент переплаты.
6. Всегда ищите варианты понизить ставку по %. Очень многие банки предлагают возможность рефинансирования.
7. Любое внеплановое поступление денег (кэшбэки, денежные подарки на ДР, премия, бонусы) направляйте на досрочное погашение кредита. Если не получается всю сумму, направьте хотя бы часть.
8. Если у вас есть несколько кредитных карт, закройте все, по которым в текущий момент нет задолженностей. Если у вас не получается на регулярной основе закрывать кредиты в льготный беспроцентный период, старайтесь закрыть вообще все кредитные карты. 
9. Не привязывайте кредитную карту к системе бесконтактной оплаты: в противном случае деньги будут уходить часто и быстро, а долг только расти, как снежный ком.
10. Понизьте лимиты по кредитной карте и установите в банковском приложении лимит на разовое списание.
11. Не думайте о том, как заработать деньги, чтобы закрыть долги.
12. Берите кредит осознанно. Отслеживайте свои желания: в какой момент вам захотелось взять кредит? На что? Это действительно что-то нужное?
",https://disk.yandex.ru/d/exwUEIjJQmqIVQ,
,15,,освобождение от ментальных долгов,Практика,"Проанализируйте, вспомните и выпишите: что вы обещали себе, что другим людям и что другие люди обещали вам? 

Если эти дела все актуальны для вас и для других, запланируйте их и поставьте себе срок, в который вы выполните свои обещания перед собой или другими людьми и сделайте это. 
Если какие-то обещания больше неактуальны или вы не хотите их выполнять – откажитесь от них для себя и сообщите другим, что вы не готовы это выполнить. 
Проверьте список, что обещали вам: на сколько это актуально для вас? Вычеркните то, в чем вы больше не нуждаетесь, напомните об обещании людям, где это необходимо. 

Ментальные долги и непринятые решения забирают нашу энергию и перекрывают финансовый поток.",https://disk.yandex.ru/d/Pbv6LTRHMukC6Q,
,16,Как стать решительной,Техника стратегии масштаба,Техника,"Принимайте решение из точки Б, где вы успешная и уже добились ваших целей и желаний. 

Опишите свою точку Б: как выглядит ваша жизнь, ВАША РЕАЛИЗАЦИЯ? 
Далее опишите СВОЙ АВАТАР: как вы там себя чувствуете? Как вы будете действовать в той точке? Какие у вас там привычки? Какое окружение? Какие решения вы принимаете и как на что реагируете?. Вы можете осознать и выписать   Чего сейчас вам не хватает, чтобы быть в этой точке Б? 

ВЫПИСАТЬ, ЧЕГО НЕ ХВАТАЕТ и что в себе нужно изменить, чтобы быть такой как в точке Б? Каких знаний и навыков? 
Каждый раз при принятии решения погружайтесь в точку Б, визуализируйте её, представляйте себя успешной, входите в это состояние и смотрите на свою проблему или задачу глазами вашего аватара в точке Б. 
Принимайте решения и реагируйте из точки Б",https://disk.yandex.ru/d/r7B_QvbgSwVKiw,
,17,Как определить свои сильные стороны и монетизировать их,Техника «Видение новых возможностей»,Практика,"1. Если вы находитесь в поиске дела жизни, напишите список: что делаете с удовольствием и любовью. И напротив каждого пункта: как вы можете это монетизировать. 
2. Если у вас есть своё дело, подумайте: какой продукт нужен людям, что вы можете создать? Какие новые услуги вы можете начать оказывать? Проанализируйте запросы своих клиентов и свои возможности для создания новых продуктов.  ПОСМОТРИТЕ НА СВОЮ ДЕЯТЕЛЬНОСТЬ/бизнес, расширив его вертикально (цена, новый продукт, новая услуга внутри сферы и т.д.), не менее 3-х идей, и горизонтально (масштабирование производства; увеличение людей, проходящих продукт; за счет найма команды), не менее 3-х идей. 
3. Если вы предприниматель или наемный сотрудник, стабильно зарабатываете, то подумайте о параллельных бизнсах или пассивных инвестициях. Напишите список, как вы хотите инвестировать: это могут быть инвестиции в бизнес, недвижимость, коллаборации, партнерства, фонды и так далее. Проконсультируйтесь с финансовым консультантом.",https://disk.yandex.ru/d/4Q0Ca6AJ8raqtg,
,,,Отпускание контроля и доверие,Техника,"Возьмите лист бумаги и ответьте на вопросы:
1. Почему вам важно отпустить контроль и довериться другому человеку в конкретной ситуации? Что вы получите, если доверитесь? Договоритесь с собой, что довериться человеку вам в этой ситуации просто необходимо. 
2. Представьте, что вы доверились, но ваше доверие не оправдалось. Выпишите аргументы, почему вам всё равно было важно довериться. Пусть это будут, на первый взгляд, небольшие ""плюсы"", но постарайтесь обязательно их найти.",https://disk.yandex.ru/i/nZICSy2GInwEFw,
,18,Как много заабатывать и при этом оставаться женственной,Нейропрактика на богатого мужчину,нейропарктика,,,
,19,"Как проработать денежные страхи, которые мешают расти в доходе",Проработка денежных блоков и страхов,Практика,"Проанализируйте, если вы будете богаты/успешны/популярны, то что? Какие опасности скрывают в себе большие деньги? 
Запишите все мысли, которые приходят вам в голову, все негативные фразы и убеждения. Есть ли среди них страхи и опасения? Если есть, напишите в конце большими буквами: ЭТО ВСЕГО ЛИШЬ МОИ СТРАХИ. ОНИ НЕ ИМЕЮТ НИЧЕГО ОБЩЕГО С МОЕЙ РЕАЛЬНОСТЬЮ. Лист можно сжечь и пепел смыть в унитаз. 

Повторяйте эту праткику столько раз, сколько нужно. Если вы почувствуете что страх не уходит, то на каждый страх расписшите на листе: как вы решите проблему, которая может возникунуть, если вы станете богатой, успешной и популярной?",https://disk.yandex.ru/i/tSHZjfrzG5HK0g,
,20,Как расширить свою финансовую емкость и пробить потолок,Как формировать успешное окружение,Практика,"Напишите список людей из своего окружения. 
Важно затронуть все сферы: семья, близкие, друзья, коллеги, знакомые с ваших обучений, участники клубов, спортивных центров, где вы занимаетесь и так далее. 
Проанализируйте, что вам даёт каждый из этих людей? Это могут быть энергия, знания, деньги. Возможно, кто-то из вашего списка ничего вам не даёт и забирает энергию. Поставьте напротив каждого человека ""+"" и ""-"" соответственно. 
Дополняйте этот список людьми, с которыми вы хотите познакомиться, найти общий язык, кто зарабатывает больше, кто вам интересен. 

Важно формировать окружение под осознанные вами жизненные цели. Добавлять в своё окружение людей, кто добился больше вас, искать с ними знакомства и поддерживать общение",https://disk.yandex.ru/d/wiT0N6Nf1c3UPg,
,,,как повысить ценник на свои услуги,,"ПОВЫШЕНИЕ ЧЕКА НА СВОИ УСЛУГИ – ПРЯМОЙ ПУТЬ ВЫРАСТИ В ДОХОДАХ. 
НО ДЕЛАТЬ ЭТО НАДО ПОДГОТОВЛЕНО!  

Что от этого останавливает: 
1. Страх, что больше не заплятят и клиенты уйдут
2. Самозванец, недо..., низкая самоценность
3. Ограничения ума, нет расширения финансовой нормы ",https://disk.yandex.ru/i/OVhtClLFEUMcJA,
,23,,РАСШИРЕНИЕ ФИНАНСОВОЙ ЕМКОСТИ,Практика (Венера и Сатурн),"Деньги приходят под запрос 

1.Чтобы иметь больше денег – РАСШИРЯЙТЕ КРУГОЗОР. Систематически бывайте в новых местах, путешествуйте и знакомьтесь с новыми людьми, с успешными личностями, общайтесь с ними, СЛЕДИТЕ ЗА НИМИ В СОЦ. СЕТЯХ  – это будет здорово расширять ваше сознание. Анализируйте, чем вам нравится тот или иной человек, что бы вы хотели от него перенять, чем он вас вдохновляет. 
2. Напишите сумму дохода своей мечты. Что вы будете ощущать в этот момент? Какая польза будет миру, когда вы будете обладать этими деньгами? На что вы потратите их? 
Деньги всегда приходят под запрос, поэтому важно знать, чего вы хотите, как планируете распорядиться этими деньгами. Помните, чем больше денег вы тратите, тем больше получаете. Поэтому всегда стремитесь повышать свой уровень нормы.  
3. Представьте, что у вас есть виртуальные деньги. Каждый день сумма вашего виртуального кошелька будет расти: 50 000 руб....1 млн руб. Придумайте, на что вы их можете потратить. Каждую неделю прописывайте расходы на новую сумму. Напротив каждой статьи расходов пишите ощущения от ее ""покупки"". Если что-то мешает или чувствуете дискомфорт, когда прописываете – отмечайте это.",https://disk.yandex.ru/i/VX2dqOYjK39JEA,
,,,"нейро ""Видение своего Пути""",нейропарктика,,,
Раху,1,,как Усилить интуицию,Телесная практика,"Сядьте удобно в положении лотоса. Закройте глаза и начните глубоко дышать. 
Позвольте своему телу расслабиться и освободиться от напряжения. Постепенно проникнитесь ощущением своего тела. Задайте себе вопрос, на который хотите получить ответ своего внутреннего голоса души. Представьте, что на него есть 2 варианта ответа. Визуализируйте, что один вариант ответа находится на левой руке, второй – на правой. Какой из них ""перевешивает""? ТАКОЙ ОТВЕТ И ПРАВИЛЬНЫЙ ДЛЯ ВАС. ЛИБО ЕСЛИ ПЕРЕД ВАМИ ПРЕЛОЖЕНИЕ И ВЫ НЕ ЗНАЕТЕ, ИДТИ В НЕГО ИЛИ НЕТ. ВСТАНЬТЕ НА НОГИ, представьте предложение перед вами и прислушайтесь к сигналам своего тела, что оно вам говорит? Ему комфортно? Вы непроизвольно наклоняетесь вперед? Ощущаете радость? Или наоборот тело отклоняется назад и появляется сопротивление? Не думайте, просто прислушайтесь к первым мыслям и образам. Если тело тянется вперед, значит вы готовы принять данное предложение. Это ваша интуиция, голос вашей души, который говорит именно то, что нужно. 

Практикуйте регулярно эту технику для прокачки своей интуиции.",https://disk.yandex.ru/d/WJIO3FWWMhWk1g,
,2,Как найти дело жизни и начать реализовывать свой потенциал,Как найти любимое дело ,техника Ромашка,"Техника ""Ромашка"" 

В один лепесток выпишите всё, что вам нравится делать, что вас интересует, ваши хобби, приносит удовльствие. 
Во второй лепесток выпишите свои навыки: что у вас хорошо получается. 
Оцените свои знания и навыки (профессиональные и личностные) на данный момент. 
В третьем лепестке пропишите, что нужно людям. Например, вы как потребитель можете оценить, какого предложения не хватает на рынке, чего не хватает вам. Или вы можете узнать у своих знаокмых, подписчиков: за что они теоретически готовы платить вам. Соберите минимум 20 ответов. 
На четвёртом лепестке отдельными строчками внесите свои ресурсы: деньги и материальные ценности, свободное время, а также людей (сильные знакомства, подписчики, живые сообщества). 

ВАШЕ ЛЮБИМОЕ ДЕЛО (то, которое будет приносить вам удовольсвие и деньги) находится НА ПЕРЕСЕЧЕНИИ ПУНКТОВ ИЗ ВСЕХ ЧЕТЫРХ ЛЕПЕСТКОВ",https://disk.yandex.ru/d/YRA_nwfuvqwywQ,
,3,,"9 признаков того, что вы занимаетесь своим делом",Чек-лист,ОПИСАНИЕ ГДЕ?????,,
,4,,Поиск своей суперсилы,Гайд,"Большие деньги лежат в области вашей суперсилы. Когда вы находитесь в состоянии потока и реализуете максимальный потенциал вашей жизни. 

Как понять, в чем ваша суперсила: 

1. Вы можете заниматься без усталости этим делом бесконечно 
2. В этом, чаще всего, была ваша слабость 
3. Вы видите её по реакции других людей. Это способность видеть то, чего не видят другие. Она видна, когда вы выражаете своё мнение и поражаете других своей системностью и точностью. 
4. В области суперсилы нет колебаний в принятии решений. Всё прозрачно, вы максимально эффективны, в отличие от других. 
5. Вы ведете себя скромно, потому что не понимаете свою суперсилу в вопросе, где уверенность в результате создает авторитет у партнеров и клиентов 
6. Тут нет конкуренции, никто не может украсть ваши знания. В этом состоянии легко создается партнерство. 
7. Когда вы находитесь вне этой силы, всё кажется сложным, утомительным и скучным. Появляется ощущение, что все знания и навыки могут украсть. 
8. Глубокая вера в то, что вы говорите 
9. Желание делиться, так как суперсила у вас в избытке. Фокус на внешний мир.",https://disk.yandex.ru/d/UGTp0n9Ys_RSSA,
,5,,в чем мое предназначение,Практика,"Представьте ситуацию, когда у вас всё есть: вы богаты, успешны и реализованы. Вы в любой момент можете поехать в путешествие в любую страну, какую захотите. Вы живёте в месте своей мечты. Вы любите и любимы. Всё, что вы захотите, вы можете себе позволить. 
Как вы чувствуете себя в таком состоянии? Пребывая в этом состоянии, напишите подробный ответ на вопрос: чем я занимаюсь, когда у меня уже все есть?",https://disk.yandex.ru/i/1aOxFLTzNoO_pQ,
,6,,узнать и оценить  свой потенциал,Упражнение,"Проведите мониторинг окружающих и выявите свои сильные стороны, задав им вопросы из опросника: 1. как ты считаешь, в чем мои сильные стороны? 2. за чем бы ты ко мне обратился? 3 Что у меня получается делать хорошо? 4. если бы ты меня рекомендовал своим друзьям, что бы ты сказал обо мне?",https://disk.yandex.ru/i/d1gPC6GsAaa0_A,
,7,,Принятие силы рода,Аудиопрактика,"Вдох-выдох... Закройте глаза. 
Представьте у себя за спиной маму слева, папу справа, а за спиной мамы и папы – бабушек и дедушек  и так далее. И наконец самых древних женщину и мужчину рода. Они прямо сейчас передают вам свою энергию и силу. Они дали жизнь многим матерям и отцам, которые дали жизнь вам. Ваши первые женщина и мужчина рода передают вам много своей силы. Принимайте эту силу легко, в удовольствие. Отправьте через энергетический канал, связывающий вас, благодарность и любовь. В вас сейчас рождается новое дыхание и по всему вашему телу распространяется сила. Ваши прародители рода великой силой наполняют всё ваше существо. Почувствуйте, как в каждой клеточке вашего тела раскрываются новые знания: ""Я знаю, как это чувстовать, чего я хочу, в чем моя миссия. Я понимаю как жить с этим чувством. Я знаю, что и как мне делать, я знаю свою силу. Я знаю, что у меня все получится. Весь мой род за меня и передает мне свою силу и мудрость прямо сейчас"". Как будете готовы, открывайте глаза.  

Каждый раз когда вам нужна поддержка, вы можете возвращаться к этой практике",https://disk.yandex.ru/d/LgZVV-x2FhJuxw,
,,,Техника вдохновения и поиска любимого дела,,Из Венеры,https://disk.yandex.ru/i/ch-kyuofx6w5iw,
,8,,Практика фокуса на желании,Практика,"Выберите время утром, когда вас никто не беспокоит и вы можете посвятить его себе. 

Сядьте в тишине и задайте себе 3 простые вопроса: 
1. Чего вы хотите для себя? Сегодня и/или вообще
2. Что вы сегодня можете для этого сделать? 
3 Как вы хотите, чтобы прошел ваш день?  

Слушайте голос своей души, своей интуиции. Такой настрой поможет вам провести свой день более гармонично, эффективно и по-настоящему. Именно так, как хочет ваша душа ",https://disk.yandex.ru/d/81K9h-P4YuxGaA,
Юпитер (профессия),1,Хочу расширить свои профессиональные навыки,,,,,
,2,Хочу поднять чеки,"1. Страх что не придут 
2. Самозванец, недо..., самоценность
3. Ограничения ума, расширение сознания",,,,
,3,Хочу обрести знания в цифровой психологии,,,,,
,4,Хочу быть полезной людям и зарабатывать на любимом деле,,,,,
,5,Как стать востребованным специалистом,,,,,
,6,Как зарабатывать на психологии и коучинге,,,,,
Меркурий (окружение и продажи),1,Как попасть в окружение ярких и интересных людей,,,,,
,2,"Как легко строить отношения с клиентами, партнерами",,,,,
,3,Как заявлять о себе,,,,,
,4,Как освободиться от страхов,,,,,
,5,Как научиться продавать,,,,,
,6,,,,,,
,7,Как вести соцсети,,,,,
,8,Как проработать страх потери клиентов,,,,,
,9,Как позиционировать себя и построить личный бренд,,,,,
,10,Как сформировать окружение,,,,,
,,,,,,,
,,,,,,,
,,,Отпускание контроля и доверие,"Сатурн
","1. Объяснить, для чего надо, почему это важно
2. Если случился факап - почему это всё равно будет полезно, без этого невозможно
3. В каждой ситуации находить плюсы постоянно, от того что отпустил контроль и доверился (больше успевать, лучше себя чувствовать)",,
,,,Техника вдохновения и поиска любимого дела,"Венера, Раху","""Разделите лист на две части. 
Слева напишите список, какие занятия и действия вас наполняют: творчество, массаж, обьятия, тренировки, прогулки, покупка одежды, музыка, добрые слова себе, встречи с близкими и т. д. Не менее 20 пунктов. 
Справа напишите, какие действия забирают у вас энергию: ссоры, отсутствие ухода за собой, долгий сон, какие-то рутинные дела на работе и т. д. Также не менее 20 пунктов. 
Проанализируйте эти два списка. Ответьте себе на вопрос: как вы можете построить свою жизнь так, чтобы в каждом ее дне было больше наполняющих действий, чем забирающих? Может, что-то сделегировать, поменять или отказаться вовсе? ""

+ Найти занятия, которые тебя наполняют. Когда ищешь себя, ты зарабатываешь на том, что увлекает",,
,,,,,,,
,,,Техника на баланс,"Состояние
Отношения
Венера
Деньги","1. Сферы:
Яркость жизни: хобби, окружение, путешествия, времяпрепровождение, любимые дела
Я: здоровье, внешность, образование
Семья: муж, дети, родители, родственники. Если выделить личную жизнь, то 5 сфер
Деньги / работа
+ Сколько времени в % ты уделяешь каждой сфере / роли

2. Баллом на уровне ощущений - насколько качественное время выделяешь сфере

3. Ответить на вопрос: почему не 10? 

4. Что ты можешь сделать, чтобы сбалансировать - подтянуть ""проседающие"" сферы

Подтягиваем по очереди, но тебя может снова затянуть. Можно все сферы разом",,